<?xml version="1.0" encoding="UTF-8"?>
<faces-config>
 	<navigation-rule>
		<from-view-id>pessoa.jsp</from-view-id>
 		<navigation-case>
 			<from-outcome>*</from-outcome>
 			<to-view-id>pessoa.jsp</to-view-id> 			
 		</navigation-case> 		
 	</navigation-rule>
 	
 	<managed-bean>
 		<managed-bean-name>pessoaController</managed-bean-name>
 		<managed-bean-class>
 		com.sample.controller.PessoaController
 		</managed-bean-class>
 		<managed-bean-scope>session</managed-bean-scope> 		
 	</managed-bean>
 	
 	<managed-bean>
 		<managed-bean-name>localeController</managed-bean-name>
 		<managed-bean-class>
 		com.sample.controller.LocaleController
 		</managed-bean-class>
 		<managed-bean-scope>session</managed-bean-scope> 		
 	</managed-bean>
 	
 	<application> 		
 		<resource-bundle>
 			<base-name>com.sample.messages.messages</base-name>
 			<var>msgs</var>
 		</resource-bundle>
 		<locale-config>
        	<default-locale>pt_BR</default-locale>
        	<supported-locale>en_US</supported-locale>
        </locale-config>
        <message-bundle>com.sample.messages.messages</message-bundle>        
	</application>		
</faces-config>