<?xml version="1.0" encoding="UTF-8"?>
<!DOCTYPE hibernate-mapping 
	PUBLIC "-//Hibernate/Hibernate Mapping DTD 3.0//EN"
    "http://hibernate.sourceforge.net/hibernate-mapping-3.0.dtd">

<hibernate-mapping>

	<joined-subclass name="Aluno" extends="Pessoa">
	
		<key column="Pessoa_id"/>
		
		<property name="matricula"/>
	
		<set name="turmas"
			 table="Turma_has_Aluno"
			 inverse="false">
			 
			<key column="Aluno_Pessoa_id"/>
			<many-to-many class="Turma" column="Turma_id"/>
			
		</set>
	
	</joined-subclass>

</hibernate-mapping>
