<?xml version="1.0" encoding="UTF-8"?>

<!DOCTYPE hibernate-mapping 
	PUBLIC "-//Hibernate/Hibernate Mapping DTD 3.0//EN"
    "http://hibernate.sourceforge.net/hibernate-mapping-3.0.dtd">

<hibernate-mapping>

	<class name="Curso">
	
		<id name="id">
			<generator class="increment"/>
		</id>
		
		<property name="nome"/>
		<property name="descricao"/>
	
		<set name="disciplinas"
			 inverse="true"
			 cascade="save-update">
		
			<key column="Curso_id"/>
			<one-to-many class="Disciplina"/>
		
		</set>
	
	</class>

</hibernate-mapping>

