<?xml version="1.0" encoding="UTF-8"?>
<!DOCTYPE hibernate-mapping 
	PUBLIC "-//Hibernate/Hibernate Mapping DTD 3.0//EN"
    "http://hibernate.sourceforge.net/hibernate-mapping-3.0.dtd">
<hibernate-mapping>
	
	<class name="Endereco">
	
		<id name="id"
			column="Pessoa_id">
			<generator class="foreign">
				<param name="property">pessoa</param>	
			</generator>			
		</id>
	
		<property name="bairro"/>
		<property name="cidade"/>
		<property name="complemento"/>
		<property name="estado"/>
		<property name="numero"/>
		<property name="rua"/>
		<property name="cep"/>
		
		<one-to-one 
			name="pessoa" 
			class="Pessoa"
			constrained="true"/>
		
	</class>

</hibernate-mapping>
