<!DOCTYPE hibernate-configuration PUBLIC
	"-//Hibernate/Hibernate Configuration DTD 3.0//EN"
	"http://hibernate.sourceforge.net/hibernate-configuration-3.0.dtd">

<hibernate-configuration>
	<session-factory>
	
		<property 
			name="hibernate.dialect">
			org.hibernate.dialect.MySQLDialect
		</property>
		<property 
			name="hibernate.connection.driver_class">
			com.mysql.jdbc.Driver
		</property>
		<property 
			name="hibernate.connection.url">
			jdbc:mysql://localhost/hibernate?autoReconnect=true
		</property>
		<property 
			name="hibernate.connection.username">
			root
		</property>
		<property 
			name="hibernate.connection.password">
		</property>		
		
		<!-- Condiguração do c3p0 -->
		
		<property name="hibernate.c3p0.max_size">10</property>
		<property name="hibernate.c3p0.min_size">2</property>
		<property name="hibernate.c3p0.timeout">5000</property>		
		<property name="hibernate.c3p0.max_statements">10</property>
		<property name="hibernate.c3p0.idle_test_period">3000</property>
		<property name="hibernate.c3p0.acquire_increment">2</property>			

		<!-- Configurações de debug -->

		<property name="show_sql">true</property>
        <property name="use_outer_join">true</property>	
        <property name="hibernate.generate_statistics">true</property>
        <property name="hibernate.use_sql_comments">true</property>
        	
		<mapping resource="Curso.hbm.xml"/>
		<mapping resource="Disciplina.hbm.xml"/>
		<mapping resource="Turma.hbm.xml"/>			
		<mapping resource="Pessoa.hbm.xml"/>	
		<mapping resource="Aluno.hbm.xml"/>		
		<mapping resource="Professor.hbm.xml"/>		
		<mapping resource="Endereco.hbm.xml"/>
			
	</session-factory>
</hibernate-configuration>