<?xml version="1.0" encoding="UTF-8"?>
<!DOCTYPE hibernate-mapping 
	PUBLIC "-//Hibernate/Hibernate Mapping DTD 3.0//EN"
    "http://hibernate.sourceforge.net/hibernate-mapping-3.0.dtd">
<hibernate-mapping>

	<joined-subclass name="Professor" extends="Pessoa">
	
		<key column="Pessoa_id"/>
		
		<property name="titulo"/>
	
		<set name="turmas"
			 inverse="true">
			<key column="Pessoa_Professor_id"/>
			<one-to-many class="Turma"/>
		</set>
	
	</joined-subclass>

</hibernate-mapping>
