<?xml version="1.0" encoding="UTF-8"?>
<project xmlns="http://www.netbeans.org/ns/project/1">
    <type>org.netbeans.modules.web.project</type>
    <configuration>
        <data xmlns="http://www.netbeans.org/ns/web-project/3">
            <name>Geliv</name>
            <minimum-ant-version>1.6.5</minimum-ant-version>
            <web-module-libraries>
                <library dirs="200">
                    <file>${libs.jsf20.classpath}</file>
                    <path-in-war>WEB-INF/lib</path-in-war>
                </library>
                <library dirs="200">
                    <file>${libs.jstl11.classpath}</file>
                    <path-in-war>WEB-INF/lib</path-in-war>
                </library>
                <library dirs="200">
                    <file>${libs.hibernate-support.classpath}</file>
                    <path-in-war>WEB-INF/lib</path-in-war>
                </library>
                <library dirs="200">
                    <file>${libs.ejb3-persistence.classpath}</file>
                    <path-in-war>WEB-INF/lib</path-in-war>
                </library>
                <library dirs="200">
                    <file>${file.reference.commons-logging-1.1.1.jar}</file>
                    <path-in-war>WEB-INF/lib</path-in-war>
                </library>
                <library dirs="200">
                    <file>${file.reference.primefaces-2.2.M1.jar}</file>
                    <path-in-war>WEB-INF/lib</path-in-war>
                </library>
                <library dirs="200">
                    <file>${file.reference.org.springframework.aop-3.0.4.RELEASE.jar}</file>
                    <path-in-war>WEB-INF/lib</path-in-war>
                </library>
                <library dirs="200">
                    <file>${file.reference.org.springframework.asm-3.0.4.RELEASE.jar}</file>
                    <path-in-war>WEB-INF/lib</path-in-war>
                </library>
                <library dirs="200">
                    <file>${file.reference.org.springframework.aspects-3.0.4.RELEASE.jar}</file>
                    <path-in-war>WEB-INF/lib</path-in-war>
                </library>
                <library dirs="200">
                    <file>${file.reference.org.springframework.beans-3.0.4.RELEASE.jar}</file>
                    <path-in-war>WEB-INF/lib</path-in-war>
                </library>
                <library dirs="200">
                    <file>${file.reference.org.springframework.context-3.0.4.RELEASE.jar}</file>
                    <path-in-war>WEB-INF/lib</path-in-war>
                </library>
                <library dirs="200">
                    <file>${file.reference.org.springframework.context.support-3.0.4.RELEASE.jar}</file>
                    <path-in-war>WEB-INF/lib</path-in-war>
                </library>
                <library dirs="200">
                    <file>${file.reference.org.springframework.core-3.0.4.RELEASE.jar}</file>
                    <path-in-war>WEB-INF/lib</path-in-war>
                </library>
                <library dirs="200">
                    <file>${file.reference.org.springframework.expression-3.0.4.RELEASE.jar}</file>
                    <path-in-war>WEB-INF/lib</path-in-war>
                </library>
                <library dirs="200">
                    <file>${file.reference.org.springframework.instrument-3.0.4.RELEASE.jar}</file>
                    <path-in-war>WEB-INF/lib</path-in-war>
                </library>
                <library dirs="200">
                    <file>${file.reference.org.springframework.instrument.tomcat-3.0.4.RELEASE.jar}</file>
                    <path-in-war>WEB-INF/lib</path-in-war>
                </library>
                <library dirs="200">
                    <file>${file.reference.org.springframework.jdbc-3.0.4.RELEASE.jar}</file>
                    <path-in-war>WEB-INF/lib</path-in-war>
                </library>
                <library dirs="200">
                    <file>${file.reference.org.springframework.jms-3.0.4.RELEASE.jar}</file>
                    <path-in-war>WEB-INF/lib</path-in-war>
                </library>
                <library dirs="200">
                    <file>${file.reference.org.springframework.orm-3.0.4.RELEASE.jar}</file>
                    <path-in-war>WEB-INF/lib</path-in-war>
                </library>
                <library dirs="200">
                    <file>${file.reference.org.springframework.oxm-3.0.4.RELEASE.jar}</file>
                    <path-in-war>WEB-INF/lib</path-in-war>
                </library>
                <library dirs="200">
                    <file>${file.reference.org.springframework.test-3.0.4.RELEASE.jar}</file>
                    <path-in-war>WEB-INF/lib</path-in-war>
                </library>
                <library dirs="200">
                    <file>${file.reference.org.springframework.transaction-3.0.4.RELEASE.jar}</file>
                    <path-in-war>WEB-INF/lib</path-in-war>
                </library>
                <library dirs="200">
                    <file>${file.reference.org.springframework.web-3.0.4.RELEASE.jar}</file>
                    <path-in-war>WEB-INF/lib</path-in-war>
                </library>
                <library dirs="200">
                    <file>${file.reference.org.springframework.web.portlet-3.0.4.RELEASE.jar}</file>
                    <path-in-war>WEB-INF/lib</path-in-war>
                </library>
                <library dirs="200">
                    <file>${file.reference.org.springframework.web.servlet-3.0.4.RELEASE.jar}</file>
                    <path-in-war>WEB-INF/lib</path-in-war>
                </library>
                <library dirs="200">
                    <file>${file.reference.org.springframework.web.struts-3.0.4.RELEASE.jar}</file>
                    <path-in-war>WEB-INF/lib</path-in-war>
                </library>
                <library dirs="200">
                    <file>${file.reference.spring-security-acl-3.0.3.RELEASE.jar}</file>
                    <path-in-war>WEB-INF/lib</path-in-war>
                </library>
                <library dirs="200">
                    <file>${file.reference.spring-security-cas-client-3.0.3.RELEASE.jar}</file>
                    <path-in-war>WEB-INF/lib</path-in-war>
                </library>
                <library dirs="200">
                    <file>${file.reference.spring-security-config-3.0.3.RELEASE.jar}</file>
                    <path-in-war>WEB-INF/lib</path-in-war>
                </library>
                <library dirs="200">
                    <file>${file.reference.spring-security-core-3.0.3.RELEASE.jar}</file>
                    <path-in-war>WEB-INF/lib</path-in-war>
                </library>
                <library dirs="200">
                    <file>${file.reference.spring-security-ldap-3.0.3.RELEASE.jar}</file>
                    <path-in-war>WEB-INF/lib</path-in-war>
                </library>
                <library dirs="200">
                    <file>${file.reference.spring-security-openid-3.0.3.RELEASE.jar}</file>
                    <path-in-war>WEB-INF/lib</path-in-war>
                </library>
                <library dirs="200">
                    <file>${file.reference.spring-security-taglibs-3.0.3.RELEASE.jar}</file>
                    <path-in-war>WEB-INF/lib</path-in-war>
                </library>
                <library dirs="200">
                    <file>${file.reference.spring-security-web-3.0.3.RELEASE.jar}</file>
                    <path-in-war>WEB-INF/lib</path-in-war>
                </library>
                <library dirs="200">
                    <file>${file.reference.mysql-connector-java-5.1.6-bin.jar}</file>
                    <path-in-war>WEB-INF/lib</path-in-war>
                </library>
            </web-module-libraries>
            <web-module-additional-libraries/>
            <source-roots>
                <root id="src.dir"/>
            </source-roots>
            <test-roots>
                <root id="test.src.dir"/>
            </test-roots>
        </data>
    </configuration>
</project>
