<?xml version="1.0" encoding="UTF-8"?>
<b:beans xmlns="http://www.springframework.org/schema/security"
        xmlns:xsi="http://www.w3.org/2001/XMLSchema-instance"
        xmlns:b="http://www.springframework.org/schema/beans"
        xsi:schemaLocation="http://www.springframework.org/schema/beans
                            http://www.springframework.org/schema/beans/spring-beans.xsd
                            http://www.springframework.org/schema/security
                            http://www.springframework.org/schema/security/spring-security-3.0.xsd">

    
<!--

"ROLE_ADMIN"  />
access="ROLE_MANAGER"  />
access="ROLE_USER,ROLE_ADMIN, ROLE_MANAGER"  
    -->
    
    <http auto-config="true" use-expressions="true">
        <intercept-url pattern="/index.jsf" access="hasRole('ROLE_ADMIN')"/>
        <form-login login-page="/login.jsf" authentication-failure-url="/login.jsf?erro=true"/>
    </http>
    
    <authentication-manager>
        <authentication-provider>
            <jdbc-user-service data-source-ref="dataSource"
               users-by-username-query="SELECT username, password, enable FROM Usuario WHERE username=?"
               authorities-by-username-query="SELECT Usuario_username as username, autorizacoes_nome as authority FROM Usuario_Autorizacao WHERE Usuario_username=?"
            />
        </authentication-provider>
    </authentication-manager>

    <b:bean id="dataSource" class="org.springframework.jdbc.datasource.DriverManagerDataSource" >
        <b:property name="url" value="jdbc:mysql://localhost:3306/livraria" />
        <b:property name="driverClassName" value="com.mysql.jdbc.Driver" />
        <b:property name="username" value="admtiaxa" />
        <b:property name="password" value="tiaxa" />
    </b:bean>

</b:beans>